"","Id_Linea","Id_Fecha","Unidades"
"1",0,2016-01-01,6
"2",401004,2018-01-01,-1.30226929076342
"3",401004,2018-01-02,5.31674749568121
"4",401004,2018-01-03,5.25272649404169
"5",401004,2018-01-04,-0.635823855147455
"6",401004,2018-01-05,18.7772801944713
"7",401004,2018-01-06,9.35977500638028
"8",401004,2018-01-07,1.52369982574504
"9",401004,2018-01-08,-2.3022692907635
"10",401004,2018-01-09,2.81674749568069
"11",401004,2018-01-10,-0.747273505959924
"12",401004,2018-01-11,1.86417614485082
"13",401004,2018-01-12,0.777280194468723
"14",401004,2018-01-13,3.3597750063795
"15",401004,2018-01-14,-0.97630017425284
"16",401004,2018-01-15,-4.30226929076451
"17",401004,2018-01-16,-3.18325250431721
"18",401004,2018-01-17,1.75272649404302
"19",401004,2018-01-18,1.36417614485148
"20",401004,2018-01-19,5.27728019446744
"21",401004,2018-01-20,0.359775006380225
"22",401004,2018-01-21,1.52369982574676
"23",401004,2018-01-22,-2.3022692907632
"24",401004,2018-01-23,4.81674749568091
"25",401004,2018-01-24,-0.24727350595835
"26",401004,2018-01-25,-0.635823855149675
"27",401004,2018-01-26,3.77728019447071
"28",401004,2018-01-27,2.35977500637852
"29",401004,2018-01-28,-2.97630017425319
"30",401004,2018-01-29,1.19773070923564
"31",401004,2018-01-30,2.31674749568144
"32",401004,2018-01-31,0.252726494043634
"33",401004,2018-02-01,6.36417614485362
"34",401004,2018-02-02,1.77728019447208
"35",401004,2018-02-03,2.3597750063805
"36",401004,2018-02-04,0.0236998257456991
"37",401004,2018-02-05,-0.802269290765055
"38",401004,2018-02-06,1.81674749567977
"39",401004,2018-02-07,-2.24727350596117
"40",401004,2018-02-08,2.36417614485258
"41",401004,2018-02-09,1.27728019447184
"42",401004,2018-02-10,6.85977500637926
"43",401004,2018-02-11,3.023699825745
"44",401004,2018-02-12,4.19773070923518
"45",401004,2018-02-13,9.81674749568191
"46",401004,2018-02-14,20.7527264940435
"47",401004,2018-02-15,1.36417614485352
"48",401004,2018-02-16,2.7772801944705
"49",401004,2018-02-17,1.85977500638148
"50",401004,2018-02-18,0.0236998257444423
"51",401004,2018-02-19,-4.30226929076531
"52",401004,2018-02-20,-1.68325250431957
"53",401004,2018-02-21,-0.747273505956841
"54",401004,2018-02-22,3.36417614485028
"55",401004,2018-02-23,-0.722719805529542
"56",401004,2018-02-24,1.85977500638171
"57",401004,2018-02-25,-1.47630017425473
"58",401004,2018-02-26,-6.80226929076389
"59",401004,2018-02-27,-0.68325250431958
"60",401004,2018-02-28,-1.2472735059573
"61",401004,2018-03-01,5.3321652664347
"62",401004,2018-03-02,10.4396416146695
"63",401004,2018-03-03,5.21633155165121
"64",401004,2018-03-04,-3.77057936563794
"65",401004,2018-03-05,6.59052441768745
"66",401004,2018-03-06,6.60946021285964
"67",401004,2018-03-07,2.91492781519493
"68",401004,2018-03-08,11.8321652664328
"69",401004,2018-03-09,15.4396416146689
"70",401004,2018-03-10,19.2163315516522
"71",401004,2018-03-11,12.229420634361
"72",401004,2018-03-12,4.09052441768946
"73",401004,2018-03-13,-1.89053978713953
"74",401004,2018-03-14,3.91492781519437
"75",401004,2018-03-15,2.33216526643294
"76",401004,2018-03-16,3.43964161466894
"77",401004,2018-03-17,5.21633155165031
"78",401004,2018-03-18,9.22942063436248
"79",401004,2018-03-19,3.59052441768812
"80",401004,2018-03-20,5.60946021286047
"81",401004,2018-03-21,7.41492781519563
"82",401004,2018-03-22,5.33216526643275
"83",401004,2018-03-23,7.93964161467125
"84",401004,2018-03-24,5.71633155165027
"85",401004,2018-03-25,-1.77057936563652
"86",401004,2018-03-26,-0.40947558231138
"87",401004,2018-03-27,0.609460212858377
"88",401004,2018-03-28,-0.0850721848066973
"89",401004,2018-03-29,-0.167834733566825
"90",401004,2018-03-30,1.43964161466964
"91",401004,2018-03-31,5.21633155165137
"92",401004,2018-04-01,1.22942063436233
"93",401004,2018-04-02,-4.40947558231305
"94",401004,2018-04-03,2.10946021286091
"95",401004,2018-04-04,-2.08507218480398
"96",401004,2018-04-05,0.332165266433665
"97",401004,2018-04-06,38.4396416146706
"98",401004,2018-04-07,31.7163315516552
"99",401004,2018-04-08,11.7294206343624
"100",401004,2018-04-09,48.5905244176896
"101",401004,2018-04-10,61.109460212861
"102",401004,2018-04-11,5.41492781519639
"103",401004,2018-04-12,1.83216526643226
"104",401004,2018-04-13,-0.0603583853332506
"105",401004,2018-04-14,0.216331551651299
"106",401004,2018-04-15,-4.27057936563921
"107",401004,2018-04-16,-7.90947558230953
"108",401004,2018-04-17,-2.89053978713795
"109",401004,2018-04-18,-3.58507218480314
"110",401004,2018-04-19,-3.16783473356644
"111",401004,2018-04-20,0.439641614670775
"112",401004,2018-04-21,1.71633155165224
"113",401004,2018-04-22,-7.27057936563768
"114",401004,2018-04-23,-7.90947558230937
"115",401004,2018-04-24,-3.39053978713879
"116",401004,2018-04-25,0.414927815193298
"117",401004,2018-04-26,-4.16783473356609
"118",401004,2018-04-27,1.43964161467258
"119",401004,2018-04-28,-0.283668448348644
"120",401004,2018-04-29,-3.27057936563587
"121",401004,2018-04-30,-4.90947558231136
"122",401004,2018-05-01,4.1094602128608
"123",401004,2018-05-02,2.41492781519291
"124",401004,2018-05-03,5.33216526643186
"125",401004,2018-05-04,3.43964161466938
"126",401004,2018-05-05,20.2163315516509
"127",401004,2018-05-06,52.2294206343625
"128",401004,2018-05-07,29.5905244176863
"129",401004,2018-05-08,21.609460212861
"130",401004,2018-05-09,93.9149278151947
"131",401004,2018-05-10,90.8321652664332
"132",401004,2018-05-11,12.4396416146674
"133",401004,2018-05-12,8.21633155164802
"134",401004,2018-05-13,3.72942063436141
"135",401004,2018-05-14,2.59052441768698
"136",401004,2018-05-15,5.10946021285901
"137",401004,2018-05-16,3.41492781519411
"138",401004,2018-05-17,0.332165266433721
"139",401004,2018-05-18,4.43964161467004
"140",401004,2018-05-19,4.71633155165247
"141",401004,2018-05-20,-1.77057936563724
"142",401004,2018-05-21,4.09052441768647
"143",401004,2018-05-22,4.60946021286015
"144",401004,2018-05-23,4.91492781519506
"145",401004,2018-05-24,3.83216526643443
"146",401004,2018-05-25,4.93964161467154
"147",401004,2018-05-26,2.71633155165314
"148",401004,2018-05-27,2.2294206343611
"149",401004,2018-05-28,-1.90947558231281
"150",401004,2018-05-29,2.60946021285837
"151",401004,2018-05-30,0.914927815195689
"152",401004,2018-05-31,1.83216526643196
"153",401004,2018-06-01,6.43964161467271
"154",401004,2018-06-02,9.71633155165329
"155",401004,2018-06-03,11.7294206343608
"156",401004,2018-06-04,3.09052441769007
"157",401004,2018-06-05,5.10946021286096
"158",401004,2018-06-06,6.41492781519527
"159",401004,2018-06-07,4.33216526643198
"160",401004,2018-06-08,0.939641614670271
"161",401004,2018-06-09,13.2163315516506
"162",401004,2018-06-10,5.22942063436374
"163",401004,2018-06-11,0.590524417691001
"164",401004,2018-06-12,5.60946021286048
"165",401004,2018-06-13,6.41492781519402
"166",401004,2018-06-14,-1.66783473356642
"167",401004,2018-06-15,4.43964161467117
"168",401004,2018-06-16,12.2163315516497
"169",401004,2018-06-17,13.2294206343636
"170",401004,2018-06-18,16.0905244176914
"171",401004,2018-06-19,13.1094602128618
"172",401004,2018-06-20,6.41492781519465
"173",401004,2018-06-21,8.3321652664317
"174",401004,2018-06-22,3.4396416146685
"175",401004,2018-06-23,9.71633155165405
"176",401004,2018-06-24,6.22942063436358
"177",401004,2018-06-25,8.09052441768881
"178",401004,2018-06-26,7.60946021286178
"179",401004,2018-06-27,6.91492781519318
"180",401004,2018-06-28,2.83216526643312
"181",401004,2018-06-29,8.93964161466796
"182",401004,2018-06-30,16.2163315516523
"183",401004,2018-07-01,-1.27057936563838
"184",401004,2018-07-02,-3.90947558231286
"185",401004,2018-07-03,6.60946021286298
"186",401004,2018-07-04,1.41492781519456
"187",401004,2018-07-05,0.332165266432432
"188",401004,2018-07-06,2.43964161466817
"189",401004,2018-07-07,3.71633155165168
"190",401004,2018-07-08,4.72942063436143
"191",401004,2018-07-09,1.09052441768725
"192",401004,2018-07-10,2.60946021285857
"193",401004,2018-07-11,-1.58507218480539
"194",401004,2018-07-12,-0.16783473356721
"195",401004,2018-07-13,2.93964161467143
"196",401004,2018-07-14,7.71633155165078
"197",401004,2018-07-15,2.22942063436028
"198",401004,2018-07-16,-1.40947558231144
"199",401004,2018-07-17,-1.39053978714201
"200",401004,2018-07-18,-0.0850721848050533
"201",401004,2018-07-19,-1.16783473356825
"202",401004,2018-07-20,0.439641614672266
"203",401004,2018-07-21,2.71633155165201
"204",401004,2018-07-22,-0.270579365635893
"205",401004,2018-07-23,-1.9094755823111
"206",401004,2018-07-24,-0.390539787140623
"207",401004,2018-07-25,-1.08507218480355
"208",401004,2018-07-26,-2.16783473356745
"209",401004,2018-07-27,-0.0603583853303222
"210",401004,2018-07-28,2.71633155164901
"211",401004,2018-07-29,3.72942063436428
"212",401004,2018-07-30,-4.90947558231087
"213",401004,2018-07-31,0.609460212863066
"214",401004,2018-08-01,0.914927815195409
"215",401004,2018-08-02,7.33216526643281
"216",401004,2018-08-03,1.93964161467062
"217",401004,2018-08-04,8.21633155165163
"218",401004,2018-08-05,4.22942063436269
"219",401004,2018-08-06,1.09052441768999
"220",401004,2018-08-07,5.60946021286125
"221",401004,2018-08-08,-2.08507218480452
"222",401004,2018-08-09,-0.167834733568519
"223",401004,2018-08-10,2.43964161467168
"224",401004,2018-08-11,2.21633155165177
"225",401004,2018-08-12,-0.770579365636964
"226",401004,2018-08-13,1.59052441769167
"227",401004,2018-08-14,1.60946021286007
"228",401004,2018-08-15,-0.585072184804363
"229",401004,2018-08-16,-0.667834733568641
"230",401004,2018-08-17,6.9396416146693
"231",401004,2018-08-18,1.71633155165278
"232",401004,2018-08-19,-0.770579365636909
"233",401004,2018-08-20,-2.40947558231224
"234",401004,2018-08-21,1.60946021286008
"235",401004,2018-08-22,1.41492781519299
"236",401004,2018-08-23,1.33216526643221
"237",401004,2018-08-24,4.9396416146703
"238",401004,2018-08-25,8.21633155165113
"239",401004,2018-08-26,5.22942063436347
"240",401004,2018-08-27,2.09052441768683
"241",401004,2018-08-28,0.609460212861184
"242",401004,2018-08-29,-0.585072184805156
"243",401004,2018-08-30,0.832165266433332
"244",401004,2018-08-31,3.93964161466856
"245",401004,2018-09-01,1.21633155165207
"246",401004,2018-09-02,-3.27057936563633
"247",401004,2018-09-03,-4.9094755823119
"248",401004,2018-09-04,1.60946021286123
"249",401004,2018-09-05,0.414927815196017
"250",401004,2018-09-06,-4.66783473356797
"251",401004,2018-09-07,1.93964161467021
"252",401004,2018-09-08,-0.283668448348817
"253",401004,2018-09-09,4.72942063436052
"254",401004,2018-09-10,0.590524417686969
"255",401004,2018-09-11,1.10946021286019
"256",401004,2018-09-12,-1.08507218480416
"257",401004,2018-09-13,-0.667834733566893
"258",401004,2018-09-14,5.93964161467057
"259",401004,2018-09-15,5.21633155165426
"260",401004,2018-09-16,-2.27057936563803
"261",401004,2018-09-17,1.09052441768942
"262",401004,2018-09-18,-1.3905397871409
"263",401004,2018-09-19,-1.58507218480703
"264",401004,2018-09-20,-1.66783473356702
"265",401004,2018-09-21,0.439641614669296
"266",401004,2018-09-22,4.21633155165078
"267",401004,2018-09-23,-3.27057936563915
"268",401004,2018-09-24,2.59052441768916
"269",401004,2018-09-25,2.60946021286064
"270",401004,2018-09-26,-2.08507218480484
"271",401004,2018-09-27,1.83216526643278
"272",401004,2018-09-28,-0.0603583853309373
"273",401004,2018-09-29,8.71633155165101
"274",401004,2018-09-30,8.22942063436169
"275",401004,2018-10-01,0.0905244176900037
"276",401004,2018-10-02,4.1094602128599
"277",401004,2018-10-03,-1.08507218480457
"278",401004,2018-10-04,0.332165266429682
"279",401004,2018-10-05,2.43964161467069
"280",401004,2018-10-06,0.716331551651078
"281",401004,2018-10-07,0.229420634363834
"282",401004,2018-10-08,-1.90947558231154
"283",401004,2018-10-09,5.10946021286224
"284",401004,2018-10-10,3.91492781519613
"285",401004,2018-10-11,0.332165266430563
"286",401004,2018-10-12,3.93964161467101
"287",401004,2018-10-13,5.7163315516513
"288",401004,2018-10-14,3.22942063436553
"289",401004,2018-10-15,-0.909475582312036
"290",401004,2018-10-16,10.6094602128625
"291",401004,2018-10-17,3.41492781519577
"292",401004,2018-10-18,0.832165266432445
"293",401004,2018-10-19,1.43964161466713
"294",401004,2018-10-20,2.71633155165231
"295",401004,2018-10-21,-0.270579365636675
"296",401004,2018-10-22,-3.40947558231351
"297",401004,2018-10-23,1.1094602128614
"298",401004,2018-10-24,-0.0850721848055118
"299",401004,2018-10-25,1.33216526643154
"300",401004,2018-10-26,3.93964161466751
"301",401004,2018-10-27,6.21633155165422
"302",401004,2018-10-28,5.72942063436194
"303",401004,2018-10-29,-1.90947558230897
"304",401004,2018-10-30,6.10946021286031
"305",401004,2018-10-31,1.41492781519504
"306",401004,2018-11-01,1.33216526643246
"307",401004,2018-11-02,1.43964161466975
"308",401004,2018-11-03,3.21633155165061
"309",401004,2018-11-04,-3.77057936564014
"310",401004,2018-11-05,0.590524417687216
"311",401004,2018-11-06,2.60946021285967
"312",401004,2018-11-07,-1.0850721848055
"313",401004,2018-11-08,3.33216526643243
"314",401004,2018-11-09,2.43964161466963
"315",401004,2018-11-10,3.7163315516503
"316",401004,2018-11-11,-0.770579365636738
"317",401004,2018-11-12,3.09052441768663
"318",401004,2018-11-13,-0.390539787142229
"319",401004,2018-11-14,-2.08507218480735
"320",401004,2018-11-15,1.33216526643623
"321",401004,2018-11-16,0.939641614670386
"322",401004,2018-11-17,27.7163315516491
"323",401004,2018-11-18,26.7294206343625
"324",401004,2018-11-19,20.0905244176873
"325",401004,2018-11-20,34.6094602128611
"326",401004,2018-11-21,9.91492781519615
"327",401004,2018-11-22,0.832165266434616
"328",401004,2018-11-23,4.43964161467104
"329",401004,2018-11-24,4.71633155165115
"330",401004,2018-11-25,5.72942063436314
"331",401004,2018-11-26,2.59052441769134
"332",401004,2018-11-27,10.1094602128629
"333",401004,2018-11-28,0.914927815196491
"334",401004,2018-11-29,-0.167834733569428
"335",401004,2018-11-30,4.43964161467038
"336",401004,2018-12-01,10.2163315516508
"337",401004,2018-12-02,13.7294206343613
"338",401004,2018-12-03,1.09052441768951
"339",401004,2018-12-04,7.60946021286247
"340",401004,2018-12-05,0.914927815194264
"341",401004,2018-12-06,0.832165266430266
"342",401004,2018-12-07,5.4396416146707
"343",401004,2018-12-08,8.21633155165412
"344",401004,2018-12-09,8.72942063436423
"345",401004,2018-12-10,14.0905244176898
"346",401004,2018-12-11,14.1094602128584
"347",401004,2018-12-12,16.4149278151943
"348",401004,2018-12-13,12.3321652664306
"349",401004,2018-12-14,17.9396416146706
"350",401004,2018-12-15,28.2163315516524
"351",401004,2018-12-16,6.72942063436517
"352",401004,2018-12-17,11.0905244176881
"353",401004,2018-12-18,14.1094602128598
"354",401004,2018-12-19,20.414927815198
"355",401004,2018-12-20,17.3321652664314
"356",401004,2018-12-21,26.9396416146685
"357",401004,2018-12-22,26.2163315516529
"358",401004,2018-12-23,48.2294206343612
"359",401004,2018-12-24,42.0905244176906
"360",401004,2018-12-25,11.6094602128593
"361",401004,2018-12-26,0.914927815195221
"362",401004,2018-12-27,5.83216526643367
"363",401004,2018-12-28,7.93964161467035
"364",401004,2018-12-29,3.71633155165097
"365",401004,2018-12-30,4.22942063436388
"366",401004,2018-12-31,1.59052441768889
"367",402004,2018-01-01,269.479229158998
"368",402004,2018-01-02,411.961668899147
"369",402004,2018-01-03,475.88049215561
"370",402004,2018-01-04,568.88450687791
"371",402004,2018-01-05,1399.46573131298
"372",402004,2018-01-06,959.16241569201
"373",402004,2018-01-07,537.418355759296
"374",402004,2018-01-08,177.97922915899
"375",402004,2018-01-09,253.961668899117
"376",402004,2018-01-10,315.380492155501
"377",402004,2018-01-11,302.384506877797
"378",402004,2018-01-12,602.465731312815
"379",402004,2018-01-13,895.162415691956
"380",402004,2018-01-14,619.418355759437
"381",402004,2018-01-15,295.479229158923
"382",402004,2018-01-16,257.461668899259
"383",402004,2018-01-17,309.380492155705
"384",402004,2018-01-18,340.88450687784
"385",402004,2018-01-19,529.965731312723
"386",402004,2018-01-20,672.162415692006
"387",402004,2018-01-21,534.418355759408
"388",402004,2018-01-22,199.979229159016
"389",402004,2018-01-23,181.961668899131
"390",402004,2018-01-24,270.880492155608
"391",402004,2018-01-25,279.884506877761
"392",402004,2018-01-26,527.965731312948
"393",402004,2018-01-27,649.162415691893
"394",402004,2018-01-28,456.418355759411
"395",402004,2018-01-29,175.979229158932
"396",402004,2018-01-30,243.961668899166
"397",402004,2018-01-31,369.88049215574
"398",402004,2018-02-01,394.884506877985
"399",402004,2018-02-02,583.465731313039
"400",402004,2018-02-03,719.66241569202
"401",402004,2018-02-04,533.418355759337
"402",402004,2018-02-05,223.979229158883
"403",402004,2018-02-06,325.461668899053
"404",402004,2018-02-07,282.38049215542
"405",402004,2018-02-08,374.884506877915
"406",402004,2018-02-09,678.465731313022
"407",402004,2018-02-10,959.162415691942
"408",402004,2018-02-11,925.418355759293
"409",402004,2018-02-12,800.479229158905
"410",402004,2018-02-13,1380.4616688992
"411",402004,2018-02-14,1865.38049215573
"412",402004,2018-02-15,642.384506877975
"413",402004,2018-02-16,714.965731312934
"414",402004,2018-02-17,802.662415692086
"415",402004,2018-02-18,592.918355759251
"416",402004,2018-02-19,307.979229158872
"417",402004,2018-02-20,290.961668899101
"418",402004,2018-02-21,353.38049215571
"419",402004,2018-02-22,331.88450687776
"420",402004,2018-02-23,598.965731312931
"421",402004,2018-02-24,726.162415692104
"422",402004,2018-02-25,549.91835575931
"423",402004,2018-02-26,248.479229158961
"424",402004,2018-02-27,241.961668899101
"425",402004,2018-02-28,388.880492155682
"426",402004,2018-03-01,552.184403564951
"427",402004,2018-03-02,886.630291885129
"428",402004,2018-03-03,759.753159160649
"429",402004,2018-03-04,590.073063619584
"430",402004,2018-03-05,432.54052118555
"431",402004,2018-03-06,566.409716613105
"432",402004,2018-03-07,534.401433242967
"433",402004,2018-03-08,657.684403564822
"434",402004,2018-03-09,944.630291885084
"435",402004,2018-03-10,1125.75315916072
"436",402004,2018-03-11,733.57306361951
"437",402004,2018-03-12,382.540521185681
"438",402004,2018-03-13,276.909716613155
"439",402004,2018-03-14,359.401433242932
"440",402004,2018-03-15,371.684403564833
"441",402004,2018-03-16,643.130291885093
"442",402004,2018-03-17,804.253159160588
"443",402004,2018-03-18,546.573063619617
"444",402004,2018-03-19,288.540521185597
"445",402004,2018-03-20,403.909716613157
"446",402004,2018-03-21,412.401433243012
"447",402004,2018-03-22,368.684403564816
"448",402004,2018-03-23,647.630291885248
"449",402004,2018-03-24,708.753159160588
"450",402004,2018-03-25,428.573063619681
"451",402004,2018-03-26,78.5405211856314
"452",402004,2018-03-27,192.409716613016
"453",402004,2018-03-28,328.40143324286
"454",402004,2018-03-29,307.684403564854
"455",402004,2018-03-30,591.630291885138
"456",402004,2018-03-31,907.753159160665
"457",402004,2018-04-01,717.073063619607
"458",402004,2018-04-02,147.540521185515
"459",402004,2018-04-03,219.909716613185
"460",402004,2018-04-04,213.401433243044
"461",402004,2018-04-05,375.184403564882
"462",402004,2018-04-06,1715.6302918852
"463",402004,2018-04-07,1702.25315916092
"464",402004,2018-04-08,1370.57306361961
"465",402004,2018-04-09,2431.04052118568
"466",402004,2018-04-10,2694.9097166132
"467",402004,2018-04-11,617.901433243068
"468",402004,2018-04-12,644.184403564789
"469",402004,2018-04-13,419.630291884944
"470",402004,2018-04-14,514.253159160659
"471",402004,2018-04-15,142.573063619502
"472",402004,2018-04-16,-157.459478814244
"473",402004,2018-04-17,46.9097166132667
"474",402004,2018-04-18,206.901433243094
"475",402004,2018-04-19,191.184403564876
"476",402004,2018-04-20,407.630291885218
"477",402004,2018-04-21,563.753159160722
"478",402004,2018-04-22,214.573063619603
"479",402004,2018-04-23,-105.459478814236
"480",402004,2018-04-24,32.9097166132074
"481",402004,2018-04-25,200.401433242859
"482",402004,2018-04-26,187.6844035649
"483",402004,2018-04-27,435.630291885333
"484",402004,2018-04-28,611.753159160659
"485",402004,2018-04-29,308.073063619731
"486",402004,2018-04-30,71.5405211856362
"487",402004,2018-05-01,441.409716613182
"488",402004,2018-05-02,354.401433242831
"489",402004,2018-05-03,332.18440356476
"490",402004,2018-05-04,656.130291885119
"491",402004,2018-05-05,1571.25315916063
"492",402004,2018-05-06,2450.07306361962
"493",402004,2018-05-07,1718.04052118548
"494",402004,2018-05-08,1959.90971661319
"495",402004,2018-05-09,5335.90143324294
"496",402004,2018-05-10,5490.18440356483
"497",402004,2018-05-11,1017.13029188498
"498",402004,2018-05-12,1250.25315916044
"499",402004,2018-05-13,620.073063619544
"500",402004,2018-05-14,424.540521185523
"501",402004,2018-05-15,638.409716613063
"502",402004,2018-05-16,496.901433242912
"503",402004,2018-05-17,365.684403564888
"504",402004,2018-05-18,598.130291885163
"505",402004,2018-05-19,766.253159160738
"506",402004,2018-05-20,510.573063619635
"507",402004,2018-05-21,224.540521185485
"508",402004,2018-05-22,285.409716613135
"509",402004,2018-05-23,310.901433242976
"510",402004,2018-05-24,275.184403564934
"511",402004,2018-05-25,530.630291885262
"512",402004,2018-05-26,660.253159160777
"513",402004,2018-05-27,437.573063619523
"514",402004,2018-05-28,183.04052118553
"515",402004,2018-05-29,245.409716613018
"516",402004,2018-05-30,318.401433243019
"517",402004,2018-05-31,340.184403564767
"518",402004,2018-06-01,713.630291885351
"519",402004,2018-06-02,1055.25315916079
"520",402004,2018-06-03,928.573063619504
"521",402004,2018-06-04,602.540521185724
"522",402004,2018-06-05,548.409716613193
"523",402004,2018-06-06,499.401433242991
"524",402004,2018-06-07,526.68440356477
"525",402004,2018-06-08,725.630291885179
"526",402004,2018-06-09,858.75315916061
"527",402004,2018-06-10,668.073063619696
"528",402004,2018-06-11,469.54052118579
"529",402004,2018-06-12,533.409716613156
"530",402004,2018-06-13,453.401433242909
"531",402004,2018-06-14,573.684403564876
"532",402004,2018-06-15,890.130291885243
"533",402004,2018-06-16,1069.75315916055
"534",402004,2018-06-17,850.573063619691
"535",402004,2018-06-18,629.040521185817
"536",402004,2018-06-19,539.909716613249
"537",402004,2018-06-20,427.901433242956
"538",402004,2018-06-21,496.684403564757
"539",402004,2018-06-22,738.130291885061
"540",402004,2018-06-23,863.75315916084
"541",402004,2018-06-24,610.573063619689
"542",402004,2018-06-25,393.54052118564
"543",402004,2018-06-26,440.909716613243
"544",402004,2018-06-27,454.901433242856
"545",402004,2018-06-28,439.184403564847
"546",402004,2018-06-29,793.630291885024
"547",402004,2018-06-30,934.253159160722
"548",402004,2018-07-01,597.573063619557
"549",402004,2018-07-02,484.54052118553
"550",402004,2018-07-03,470.409716613321
"551",402004,2018-07-04,459.901433242943
"552",402004,2018-07-05,458.684403564803
"553",402004,2018-07-06,692.63029188504
"554",402004,2018-07-07,819.253159160679
"555",402004,2018-07-08,551.573063619543
"556",402004,2018-07-09,359.540521185541
"557",402004,2018-07-10,438.409716613031
"558",402004,2018-07-11,409.901433242951
"559",402004,2018-07-12,450.684403564827
"560",402004,2018-07-13,749.130291885253
"561",402004,2018-07-14,1244.25315916062
"562",402004,2018-07-15,920.573063619469
"563",402004,2018-07-16,522.540521185622
"564",402004,2018-07-17,401.409716612991
"565",402004,2018-07-18,452.901433242974
"566",402004,2018-07-19,420.184403564759
"567",402004,2018-07-20,668.630291885313
"568",402004,2018-07-21,709.753159160707
"569",402004,2018-07-22,422.073063619725
"570",402004,2018-07-23,180.54052118565
"571",402004,2018-07-24,284.409716613081
"572",402004,2018-07-25,347.901433243069
"573",402004,2018-07-26,325.684403564812
"574",402004,2018-07-27,567.130291885139
"575",402004,2018-07-28,795.753159160502
"576",402004,2018-07-29,502.073063619739
"577",402004,2018-07-30,243.040521185661
"578",402004,2018-07-31,385.909716613331
"579",402004,2018-08-01,446.401433243
"580",402004,2018-08-02,525.184403564827
"581",402004,2018-08-03,849.6302918852
"582",402004,2018-08-04,1009.75315916068
"583",402004,2018-08-05,724.573063619627
"584",402004,2018-08-06,535.540521185722
"585",402004,2018-08-07,593.909716613205
"586",402004,2018-08-08,545.401433243003
"587",402004,2018-08-09,486.684403564735
"588",402004,2018-08-10,763.630291885275
"589",402004,2018-08-11,892.753159160687
"590",402004,2018-08-12,699.573063619652
"591",402004,2018-08-13,532.540521185836
"592",402004,2018-08-14,564.40971661313
"593",402004,2018-08-15,555.401433243014
"594",402004,2018-08-16,501.184403564728
"595",402004,2018-08-17,762.630291885118
"596",402004,2018-08-18,902.753159160752
"597",402004,2018-08-19,685.573063619654
"598",402004,2018-08-20,425.540521185574
"599",402004,2018-08-21,463.909716613131
"600",402004,2018-08-22,396.901433242838
"601",402004,2018-08-23,372.684403564783
"602",402004,2018-08-24,643.630291885183
"603",402004,2018-08-25,979.253159160641
"604",402004,2018-08-26,729.57306361968
"605",402004,2018-08-27,379.540521185507
"606",402004,2018-08-28,399.909716613203
"607",402004,2018-08-29,374.901433242965
"608",402004,2018-08-30,403.184403564864
"609",402004,2018-08-31,713.630291885065
"610",402004,2018-09-01,734.753159160707
"611",402004,2018-09-02,499.573063619696
"612",402004,2018-09-03,273.040521185597
"613",402004,2018-09-04,306.409716613208
"614",402004,2018-09-05,352.401433243041
"615",402004,2018-09-06,364.184403564772
"616",402004,2018-09-07,725.130291885171
"617",402004,2018-09-08,909.253159160646
"618",402004,2018-09-09,787.073063619486
"619",402004,2018-09-10,542.540521185518
"620",402004,2018-09-11,498.909716613139
"621",402004,2018-09-12,526.90143324303
"622",402004,2018-09-13,495.184403564845
"623",402004,2018-09-14,808.130291885198
"624",402004,2018-09-15,981.753159160856
"625",402004,2018-09-16,704.073063619576
"626",402004,2018-09-17,463.040521185683
"627",402004,2018-09-18,460.909716613064
"628",402004,2018-09-19,336.401433242835
"629",402004,2018-09-20,377.184403564839
"630",402004,2018-09-21,597.630291885111
"631",402004,2018-09-22,824.753159160624
"632",402004,2018-09-23,588.073063619505
"633",402004,2018-09-24,363.540521185667
"634",402004,2018-09-25,377.909716613169
"635",402004,2018-09-26,399.401433242986
"636",402004,2018-09-27,369.684403564826
"637",402004,2018-09-28,673.130291885094
"638",402004,2018-09-29,895.253159160638
"639",402004,2018-09-30,660.573063619566
"640",402004,2018-10-01,261.040521185723
"641",402004,2018-10-02,331.909716613116
"642",402004,2018-10-03,386.901433243004
"643",402004,2018-10-04,357.684403564616
"644",402004,2018-10-05,600.63029188521
"645",402004,2018-10-06,893.253159160638
"646",402004,2018-10-07,807.073063619706
"647",402004,2018-10-08,545.040521185617
"648",402004,2018-10-09,537.909716613271
"649",402004,2018-10-10,470.901433243052
"650",402004,2018-10-11,489.684403564675
"651",402004,2018-10-12,759.630291885229
"652",402004,2018-10-13,934.253159160656
"653",402004,2018-10-14,812.073063619821
"654",402004,2018-10-15,622.040521185589
"655",402004,2018-10-16,564.909716613293
"656",402004,2018-10-17,459.401433243026
"657",402004,2018-10-18,364.184403564804
"658",402004,2018-10-19,643.130291884971
"659",402004,2018-10-20,777.253159160725
"660",402004,2018-10-21,549.573063619674
"661",402004,2018-10-22,311.540521185486
"662",402004,2018-10-23,327.409716613218
"663",402004,2018-10-24,354.901433242942
"664",402004,2018-10-25,322.684403564739
"665",402004,2018-10-26,611.630291884991
"666",402004,2018-10-27,954.753159160851
"667",402004,2018-10-28,926.573063619576
"668",402004,2018-10-29,523.04052118579
"669",402004,2018-10-30,536.409716613152
"670",402004,2018-10-31,435.901433242977
"671",402004,2018-11-01,381.684403564802
"672",402004,2018-11-02,619.130291885144
"673",402004,2018-11-03,669.753159160612
"674",402004,2018-11-04,400.073063619439
"675",402004,2018-11-05,772.040521185541
"676",402004,2018-11-06,834.409716613103
"677",402004,2018-11-07,586.401433242943
"678",402004,2018-11-08,551.184403564802
"679",402004,2018-11-09,786.130291885137
"680",402004,2018-11-10,1010.75315916059
"681",402004,2018-11-11,772.07306361967
"682",402004,2018-11-12,532.040521185502
"683",402004,2018-11-13,521.409716612976
"684",402004,2018-11-14,568.40143324281
"685",402004,2018-11-15,604.184403565054
"686",402004,2018-11-16,807.630291885186
"687",402004,2018-11-17,2204.25315916051
"688",402004,2018-11-18,2744.57306361961
"689",402004,2018-11-19,2755.04052118555
"690",402004,2018-11-20,2716.4097166132
"691",402004,2018-11-21,1479.40143324305
"692",402004,2018-11-22,489.18440356495
"693",402004,2018-11-23,792.630291885229
"694",402004,2018-11-24,814.753159160644
"695",402004,2018-11-25,615.07306361966
"696",402004,2018-11-26,470.040521185814
"697",402004,2018-11-27,476.909716613321
"698",402004,2018-11-28,496.401433243072
"699",402004,2018-11-29,489.18440356467
"700",402004,2018-11-30,824.130291885187
"701",402004,2018-12-01,1074.75315916062
"702",402004,2018-12-02,947.573063619536
"703",402004,2018-12-03,699.54052118569
"704",402004,2018-12-04,708.909716613293
"705",402004,2018-12-05,742.901433242921
"706",402004,2018-12-06,665.684403564655
"707",402004,2018-12-07,945.630291885208
"708",402004,2018-12-08,1214.75315916085
"709",402004,2018-12-09,1385.57306361973
"710",402004,2018-12-10,1392.04052118571
"711",402004,2018-12-11,1371.90971661302
"712",402004,2018-12-12,1440.40143324293
"713",402004,2018-12-13,1436.68440356468
"714",402004,2018-12-14,2174.6302918852
"715",402004,2018-12-15,2456.25315916073
"716",402004,2018-12-16,1667.07306361979
"717",402004,2018-12-17,1463.0405211856
"718",402004,2018-12-18,1635.90971661311
"719",402004,2018-12-19,1828.40143324317
"720",402004,2018-12-20,2163.18440356473
"721",402004,2018-12-21,2845.63029188506
"722",402004,2018-12-22,3354.25315916076
"723",402004,2018-12-23,3819.57306361952
"724",402004,2018-12-24,4081.54052118577
"725",402004,2018-12-25,940.409716613078
"726",402004,2018-12-26,878.401433242988
"727",402004,2018-12-27,889.684403564883
"728",402004,2018-12-28,1244.13029188518
"729",402004,2018-12-29,1397.25315916064
"730",402004,2018-12-30,1175.5730636197
"731",402004,2018-12-31,859.540521185647
